{
    "accuracy": 0.8181054988106898,
    "top_3_accuracy": 0.9708968997001648,
    "top_5_accuracy": 0.9976213574409485,
    "mrr": 0.8977736830711365,
    "per_class": {
        "Declaration APPROVED by ADMINISTRATION": {
            "precision": 0.7139718804920914,
            "recall": 0.9987707437000615,
            "f1": 0.8326928004099411,
            "support": 1627
        },
        "Declaration APPROVED by BUDGET OWNER": {
            "precision": 0.625,
            "recall": 0.01757469244288225,
            "f1": 0.03418803418803419,
            "support": 569
        },
        "Declaration APPROVED by PRE_APPROVER": {
            "precision": 0.8421052631578947,
            "recall": 0.11940298507462686,
            "f1": 0.20915032679738563,
            "support": 134
        },
        "Declaration FINAL_APPROVED by SUPERVISOR": {
            "precision": 0.7331905781584582,
            "recall": 0.8429345150172329,
            "f1": 0.7842418689876317,
            "support": 2031
        },
        "Declaration FOR_APPROVAL by ADMINISTRATION": {
            "precision": 0.0,
            "recall": 0.0,
            "f1": 0.0,
            "support": 0
        },
        "Declaration FOR_APPROVAL by PRE_APPROVER": {
            "precision": 0.0,
            "recall": 0.0,
            "f1": 0.0,
            "support": 0
        },
        "Declaration FOR_APPROVAL by SUPERVISOR": {
            "precision": 0.0,
            "recall": 0.0,
            "f1": 0.0,
            "support": 1
        },
        "Declaration REJECTED by ADMINISTRATION": {
            "precision": 0.0,
            "recall": 0.0,
            "f1": 0.0,
            "support": 194
        },
        "Declaration REJECTED by BUDGET OWNER": {
            "precision": 0.0,
            "recall": 0.0,
            "f1": 0.0,
            "support": 11
        },
        "Declaration REJECTED by EMPLOYEE": {
            "precision": 0.9914163090128756,
            "recall": 1.0,
            "f1": 0.9956896551724138,
            "support": 231
        },
        "Declaration REJECTED by MISSING": {
            "precision": 0.0,
            "recall": 0.0,
            "f1": 0.0,
            "support": 13
        },
        "Declaration REJECTED by PRE_APPROVER": {
            "precision": 0.0,
            "recall": 0.0,
            "f1": 0.0,
            "support": 15
        },
        "Declaration REJECTED by SUPERVISOR": {
            "precision": 0.0,
            "recall": 0.0,
            "f1": 0.0,
            "support": 65
        },
        "Declaration SAVED by EMPLOYEE": {
            "precision": 0.0,
            "recall": 0.0,
            "f1": 0.0,
            "support": 0
        },
        "Declaration SUBMITTED by EMPLOYEE": {
            "precision": 0.9959183673469387,
            "recall": 0.9959183673469387,
            "f1": 0.9959183673469387,
            "support": 245
        },
        "Payment Handled": {
            "precision": 0.0,
            "recall": 0.0,
            "f1": 0.0,
            "support": 1
        },
        "Request Payment": {
            "precision": 0.993570722057369,
            "recall": 0.9995024875621891,
            "f1": 0.9965277777777778,
            "support": 2010
        }
    },
    "macro_f1": 0.28520051945177194,
    "weighted_f1": 0.7656486219536667,
    "lift_over_markov": -0.035582136764147454,
    "lift_over_most_common": 0.5978235031490846,
    "dt_mae_hours": 48.4160546875,
    "time_loss_weight": 0.5,
    "temperature": 1.0237046480178833,
    "ece_before_calibration": 0.014216309413313866,
    "ece_after_calibration": 0.010947620496153831
}